<core:FragmentDefinition xmlns="sap.ui.table" xmlns:mvc="sap.ui.core.mvc" xmlns:m="sap.m" xmlns:core="sap.ui.core">
	<Table id="myAddressTable" class="sapUiSizeCozy" rows="{oDataModel>/address}" visibleRowCount="{= ${oDataModel>/address}.length}" selectionMode="None">
		<columns>
			<Column width="11rem">
				<m:Label text="Street" textAlign="Center" required="true"/>
				<template>
					<m:Input value="{oDataModel>street}" change="onChange" id="fnStreet" valueState="{oDataModel>streetState}" editable="{oEditGlobalModel>/editProperty}" maxLength="50"></m:Input>
				</template>
			</Column>
			<Column width="11rem">
				<m:Label text="Street 2"/>
				<template>
					<m:Input value="{oDataModel>street2}" editable="{oEditGlobalModel>/editProperty}" maxLength="50"/>
				</template>
			</Column>
			<Column width="11rem">
				<m:Label text="Street 4"/>
				<template>
					<m:Input value="{oDataModel>street4}" editable="{oEditGlobalModel>/editProperty}" maxLength="50"/>
				</template>
			</Column>
			<Column width="11rem">
				<m:Label text="Postal Code" required="true"/>
				<template>
					<m:Input value="{oDataModel>postalCode}" change="onChange" id="fnPostal" valueState="{oDataModel>postalCodeState}" editable="{oEditGlobalModel>/editProperty}" maxLength="10"/>
				</template>
			</Column>
			<Column width="11rem">
				<m:Label text="City" required="true"/>
				<template>
					<m:Input value="{oDataModel>city}" change="onChange" id="fnCity" valueState="{oDataModel>cityState}" editable="{oEditGlobalModel>/editProperty}" maxLength="50"/>
				</template>
			</Column>
			<Column width="11rem">
				<m:Label text="Country" required="true"/>
				<template>
					<m:ComboBox width="100%" selectedKey="{oDataModel>country}" items="{ path: 'oJavaGlobalModel>/countries', templateShareable: false }" change="onChange" valueState="{oDataModel>countryState}" editable="{oEditGlobalModel>/editProperty}">
						<core:Item key="{oJavaGlobalModel>country_name}" text="{oJavaGlobalModel>country_name}"/>
					</m:ComboBox>
				</template>
			</Column>
			<Column width="11rem">
				<m:Label text="Email" required="true"/>
				<template>
					<m:Input type="Email" value="{oDataModel>email}" change="onChange" id="fnEmail" valueState="{oDataModel>emailState}" editable="{oEditGlobalModel>/editProperty}"/>
					<!--<m:Input type="Email" id="addEmail" value="{path: 'oDataModel>email', formatter: 'inc.trng.od.ZMASTER_DETAIL.utility.formatter.checkEmail'}"-->
					<!--	valueLiveUpdate="true" visible="true" change="onChange" id="fnStreet" valueState="None"/>-->
				</template>
			</Column>
			<Column width="11rem">
				<m:Label text="Telephone" required="true"/>
				<template>
					<m:Input value="{oDataModel>telephone}" type="Number" change="onChange" id="fnTelephone" valueState="{oDataModel>telephoneState}" editable="{oEditGlobalModel>/editProperty}"/>
				</template>
			</Column>
			<Column width="11rem">
				<m:Label text="Action"/>
				<template>
					<m:Button text="Delete" press="onDeleteAddress" type="Reject" enabled="{oEditGlobalModel>/enableProperty}"/>
				</template>
			</Column>
		</columns>
	</Table>
</core:FragmentDefinition>