<core:FragmentDefinition xmlns="sap.m" xmlns:core="sap.ui.core" xmlns:l="sap.ui.layout" xmlns:f="sap.ui.layout.form">
	<l:VerticalLayout class="sapUiContentPadding sapUiLargeMarginBegin" width="40%">
		<l:content>
			<Label text="{i18n>Comm_Telephone}"/>
			<Input value="{oDataModel>/communications/telephone}" type="Number" editable="{oEditGlobalModel>/editProperty}"/>
			<Label text="{i18n>Comm_FAX}"/>
			<Input value="{oDataModel>/communications/fax}" type="Number" editable="{oEditGlobalModel>/editProperty}"/>
			<Label text="{i18n>Comm_Std_Comm_Method}" required="true" />
			<ComboBox width="100%" items="{oJavaGlobalModel>/standCommMethod}" selectedKey="{oDataModel>/communications/standCommMethod}"
				selectionChange="onPress" change="onChange" id="cmId" valueState="None" editable="{oEditGlobalModel>/editProperty}">
				<core:Item key="{oJavaGlobalModel>method_name}" text="{oJavaGlobalModel>method_name}"/>
			</ComboBox>
		</l:content>
	</l:VerticalLayout>
	<l:VerticalLayout class="sapUiContentPadding sapUiLargeMarginBegin" width="40%">
		<l:content>
			<Label text="{i18n>Comm_Mobile}" required="true"/>
			<Input value="{oDataModel>/communications/mobile}" type="Number" change="onChange" id="mobId" valueState="None" editable="{oEditGlobalModel>/editProperty}"/>
			<Label text="{i18n>Comm_Email}" required="true"/>
			<Input value="{oDataModel>/communications/email}" type="Email" change="onChange" id="mailId" valueState="None" editable="{oEditGlobalModel>/editProperty}"/>
			<Label text="{i18n>Comm_Comments}"/>
			<Input value="{oDataModel>/communications/comments}" editable="{oEditGlobalModel>/editProperty}" maxLength="255"/>
		</l:content>
	</l:VerticalLayout>
	<l:VerticalLayout class="sapUiContentPadding sapUiLargeMarginBegin" width="85%">
		<Label text="{i18n>Comm_External_Address_No.}" required="true"/>
		<Input value="{oDataModel>/communications/extAddress}" type="Number" change="onChange" id="extId" valueState="None" editable="{oEditGlobalModel>/editProperty}" maxLength="100"/>
	</l:VerticalLayout>
</core:FragmentDefinition>