<core:FragmentDefinition xmlns:mvc="sap.ui.core.mvc" xmlns="sap.m" xmlns:core="sap.ui.core" displayBlock="true"
	xmlns:custom="http://schemas.sap.com/sapui5/extension/sap.ui.core.CustomData/1">
	<Page id="detail" title="Address Details" titleAlignment="Center" backgroundDesign="Solid" class="addHeader">
		<!--<headerContent>-->
			
		<!--</headerContent>-->
		<customHeader>
			<Bar>
				<contentMiddle>
					<Text text="Address Details" class="titleComm"/>
				</contentMiddle>
				<contentRight>
					<Button icon="sap-icon://add" class="btnAddress" type="Emphasized" press=".onAddPress" enabled="{oEditGlobalModel>/enableProperty}"></Button>
				</contentRight>
			</Bar>
		</customHeader>
		<content>
				<ScrollContainer horizontal="true" vertical="true" width="100%" focusable="true">
			<core:Fragment fragmentName="inc.inkt.od.ZMasterData.fragment.Address" type="XML"></core:Fragment>
			</ScrollContainer>
		</content>
	</Page>
	<Page id="detailDetail" title="Communication Details" titleAlignment="Center" class="commHeader" backgroundDesign="Solid">
		<customHeader>
			<Bar>
				<contentMiddle>
					<Text text="Communication Details" class="titleComm"/>
				</contentMiddle>
			</Bar>
		</customHeader>
		<content>
			<core:Fragment fragmentName="inc.inkt.od.ZMasterData.fragment.Communication" type="XML"></core:Fragment>
		</content>
	</Page>
	<Page id="detail2" title="Identifications" titleAlignment="Center" backgroundDesign="Solid" class="identHeader">
		<customHeader>
			<Bar>
				<contentMiddle>
					<Text text="Identification Details" class="titleComm"/>
				</contentMiddle>
			</Bar>
		</customHeader>
		<content>
			<core:Fragment fragmentName="inc.inkt.od.ZMasterData.fragment.Identifications" type="XML"></core:Fragment>
		</content>
	</Page>
	<Page id="detail3" title="Payment Details" titleAlignment="Center" backgroundDesign="Solid" class="paymentHeader">
		<!--<headerContent>-->
		<!--	<Button icon="sap-icon://add" class="btnPayment" type="Emphasized" press=".onPaymentPress" enabled="{oEditGlobalModel>/enableProperty}"></Button>-->
		<!--</headerContent>-->
		<customHeader>
			<Bar>
				<contentMiddle>
					<Text text="Payment Details" class="titleComm"/>
				</contentMiddle>
				<contentRight>
					<Button icon="sap-icon://add" class="btnPayment" type="Emphasized" press=".onPaymentPress" enabled="{oEditGlobalModel>/enableProperty}"></Button>
				</contentRight>
			</Bar>
		</customHeader>
		<content>
			<ScrollContainer horizontal="true" vertical="true" width="100%" focusable="true">
			<core:Fragment fragmentName="inc.inkt.od.ZMasterData.fragment.PaymentTransactions" type="XML"></core:Fragment>
			</ScrollContainer>
		</content>
	</Page>
</core:FragmentDefinition>