<core:FragmentDefinition xmlns="sap.ui.table" xmlns:mvc="sap.ui.core.mvc" xmlns:m="sap.m" xmlns:core="sap.ui.core" xmlns:l="sap.ui.layout">
	<m:OverflowToolbar width="100%" class="basicToolbar">
		<m:Label text="View Data" wrapping="true" textAlign="Center" class="basicData"/>
		<m:ToolbarSpacer></m:ToolbarSpacer>
		<m:SegmentedButton id="SB1" selectedKey="sort" selectionChange="handleSegmentedButton">
			<m:items>
				<m:SegmentedButtonItem class="sortClass" text="Sort"  key="sort"/>
				<m:SegmentedButtonItem text="Filter" />
				<m:SegmentedButtonItem text="Search" />
			</m:items>
		</m:SegmentedButton>
	</m:OverflowToolbar>
	<l:VerticalLayout width="100%">
		<m:HBox class="displayHbox">
			<m:VBox class="firstDisplayVbox" id="sortBox" visible="true">
				<m:Label text="Sort By"/>
				<m:ComboBox width="200px" items="{oSortModel>/displayLookup}" selectedKey="{oSortModel>/sSelectedKeySort}" selectionChange="onSort">
					<core:Item key="{oSortModel>searchParameter}" text="{oSortModel>searchParameter}"/>
				</m:ComboBox>
				<!--<m:ComboBox id="roleCombo" items="{oViewModel>/aPartnerList}" selectedKey="{oViewModel>/sSelectedKey}" class="sapUiMediumMargin">-->
				<!--	<core:Item key="{oViewModel>sPartner}" text="{oViewModel>sPartner}"/>-->
				<!--</m:ComboBox>-->
			</m:VBox>
			<m:VBox class="orderDisplayVbox" id="orderBox" visible="true">
				<m:Label text="Order By"/>
				<m:ComboBox width="200px" items="{oOrderModel>/aOrderList}" selectedKey="{oOrderModel>/sSelectedKeyOrder}" selectionChange="onSort">
					<core:Item key="{oOrderModel>sOrder}" text="{oOrderModel>sOrder}"/>
				</m:ComboBox>
			</m:VBox>
			<m:VBox class="filterDisplayVbox" id="filterBox" visible="false">
				<m:Label text="Filter By"/>
				<m:MultiComboBox selectionChange="handleSelectionChange" selectionFinish="onFilter" width="200px" placeholder="Customer or Vendor"
					selectedKeys="{oJavaGlobalModel>/filterQuery}" items="{oJavaGlobalModel>/businessRoles}">
					<core:Item key="{oJavaGlobalModel>bp_name}" text="{oJavaGlobalModel>bp_name}"/>
				</m:MultiComboBox>
			</m:VBox>
			<m:VBox class="secondDisplayVbox" id="findBox" visible="false">
				<m:Label text="Find By"/>
				<m:ComboBox width="200px" items="{oSearchModel>/aSearchList}" selectedKey="{oSearchModel>/sSelectedKeySearch}">
					<core:Item key="{oSearchModel>sSearch}" text="{oSearchModel>sSearch}"/>
				</m:ComboBox>
			</m:VBox>
			<m:VBox class="thirdDisplayVbox" id="searchBox" visible="false">
				<m:Label text="Search"/>
				<m:SearchField id="searchField" value="{oSearchModel>/searchQuery}" width="250px" search="onSearch"/>
			</m:VBox>
			<!--<m:ComboBox items="{oViewModel>/aList1}" selectedKey="{oViewModel>/sSelectedKey1}" class="sapUiMediumMargin">-->
			<!--	<core:Item key="{oViewModel>sCategory}" text="{oViewModel>sCategory}"/>-->
			<!--</m:ComboBox>-->
		</m:HBox>
	</l:VerticalLayout>
	<Table id="myDisplayTable" class="sapUiSizeCondensed" rows="{oJavaGlobalModel>/listBusinessPartner}" visibleRowCount="8"
		selectionMode="None" rowHeight="40px" alternateRowColors="true">
		<columns>
			<Column class="colBP" hAlign="Center">
				<m:Label text="BP Number"/>
				<template>
					<m:Link text="{oJavaGlobalModel>bpId}" press="handleLinkPress" id="inputAmount"/>
				</template>
			</Column>
			<Column hAlign="Center">
				<m:Label text="First Name"/>
				<template>
					<m:Text text="{oJavaGlobalModel>firstName}"/>
				</template>
			</Column>
			<Column hAlign="Center">
				<m:Label text="Last Name"/>
				<template>
					<m:Text text="{oJavaGlobalModel>lastName}"/>
				</template>
			</Column>
			<Column hAlign="Center">
				<m:Label text="BP Role"/>
				<template>
					<m:Text text="{oJavaGlobalModel>bpRole}"/>
				</template>
			</Column>
			<Column hAlign="Center">
				<m:Label text="Role Id"/>
				<template>
					<m:Text text="{oJavaGlobalModel>roleId}"/>
				</template>
			</Column>
		</columns>
	</Table>
</core:FragmentDefinition>