<core:FragmentDefinition xmlns="sap.m" xmlns:core="sap.ui.core" xmlns:l="sap.ui.layout" xmlns:f="sap.ui.layout.form">
	<Dialog title="Error" titleAlignment="Center" closeOnNavigation="true" draggable="true" contentWidth="47rem" resizable="true"
		class="sapUiSizeCompact" verticalScrolling="true" type="Message" state="Error">
		<content>
			<f:SimpleForm id="idSimpleFormEdit" editable="true" layout="ColumnLayout">
				<f:content textAlign="Center">
					<OverflowToolbar >
						<Text id="customer" visible="false" class="sapUiSmallMarginTop"
							text="Sorry Partner!! Business Partner with BP Id {oDataModel>/BPnum/bp_id} and Customer Id {oDataModel>/BPnum/role_id} already exist."/>
						<Text id="vendor" visible="false" class="sapUiSmallMarginTop"
							text="Sorry Partner!! Business Partner with BP Id {oDataModel>/BPnum/bp_id} and Vendor Id {oDataModel>/BPnum/role_id} already exist."/>
					</OverflowToolbar>
				</f:content>
			</f:SimpleForm>
		</content>
		<beginButton>
			<Button text="Okay" press="onPressOkay" type="Reject" id="button1"/>
		</beginButton>
	</Dialog>
</core:FragmentDefinition>