<core:FragmentDefinition xmlns:mvc="sap.ui.core.mvc" xmlns:l="sap.ui.layout" xmlns:core="sap.ui.core" xmlns="sap.m"
	xmlns:f="sap.ui.layout.form">
	<OverflowToolbar class="footerToolbar sapUiMediumMarginTop">
		<HBox class="footerHbox" id="footerHbox1" visible="false">
			<Label text="Page Size:" class="goto"/>
			<Input value="{oEditGlobalModel>/pageSize}" submit="onPageSize" fieldWidth="80%" class="gotoPage" width="100%" textAlign="Center"/>
		</HBox>
		<ToolbarSpacer/>
		<Button enabled="false" id="previous" class="btnPrev" press="onPrevious" type="Emphasized" icon="sap-icon://slim-arrow-left" visible="false"></Button>
		<TextArea id="footerText" class="pageNumber" value="Page {oJavaGlobalModel>/currentPage} of {oJavaGlobalModel>/totalPages}" rows="1"
			textAlign="Center" editable="false" visible="false"/>
		<Button enabled="true" id="next" class="btnNext" press="onNext" type="Emphasized" icon="sap-icon://slim-arrow-right" visible="false"></Button>
		<ToolbarSpacer/>
		<Button icon="sap-icon://reset" class="btnReset" text="Reset" id="sub" press="onReset" visible="true"/>
		<Button icon="sap-icon://create" class="btnCreate" text="Create Business Partner" id="home1" press="onCreateBusinessPartner" visible="true"/>
		<HBox class="footerHbox" id="footerHbox2" visible="false">
			<Label text="Go to Page:" class="goto"/>
			<Input id="footerGoto" value="{oEditGlobalModel>/gotoPage}" submit="onGoto" fieldWidth="80%" class="gotoPage" width="100%" textAlign="Center"/>
			<Button text="Go" type="Ghost" press="onGoto"/>
		</HBox>
	</OverflowToolbar>
</core:FragmentDefinition>