<core:FragmentDefinition xmlns="sap.m" xmlns:core="sap.ui.core" xmlns:l="sap.ui.layout" xmlns:f="sap.ui.layout.form">
	<l:VerticalLayout class="sapUiContentPadding sapUiLargeMarginBegin" width="40%">
		<l:content>
			<Label text="{i18n>Marital_Status}" labelFor="input-a"/>
			<ComboBox width="100%" items="{oJavaGlobalModel>/maritalStatus}" selectedKey="{oDataModel>/identifications/maritalStatus}"
				selectionChange="onPress" editable="{oEditGlobalModel>/editProperty}">
				<core:Item key="{oJavaGlobalModel>status_name}" text="{oJavaGlobalModel>status_name}"/>
			</ComboBox>
			<Label text="{i18n>Occupation}" labelFor="input-b" required="true"/>
			<ComboBox width="100%" items="{oJavaGlobalModel>/occupation}" selectedKey="{oDataModel>/identifications/occupation}"
				selectionChange="onPress" change="onChange" id="occId" valueState="None" editable="{oEditGlobalModel>/editProperty}">
				<core:Item key="{oJavaGlobalModel>occupation_name}" text="{oJavaGlobalModel>occupation_name}"/>
			</ComboBox>
			<Label text="{i18n>User_Name}"/>
			<Input id="userName" value="{oDataModel>/identifications/uname}" editable="{oEditGlobalModel>/editProperty}" maxLength="100"/>
			<Label text="{i18n>Country_of_Origin}" labelFor="input-a" required="true"/>
			<ComboBox width="100%" items="{oJavaGlobalModel>/countries}" selectedKey="{oDataModel>/identifications/countryOfOrigin}"
				selectionChange="onPress" change="onChange" id="originId" valueState="None" editable="{oEditGlobalModel>/editProperty}">
				<core:Item key="{oJavaGlobalModel>country_name}" text="{oJavaGlobalModel>country_name}"/>
			</ComboBox>
		</l:content>
	</l:VerticalLayout>
	<l:VerticalLayout class="sapUiContentPadding sapUiLargeMarginBegin" width="40%">
		<l:content>
			<Label text="{i18n>Nationality_Status}" labelFor="input-a" required="true"/>
			<ComboBox width="100%" items="{oJavaGlobalModel>/nationality}" selectedKey="{oDataModel>/identifications/nationality}"
				selectionChange="onPress" change="onChange" id="natId" valueState="None" editable="{oEditGlobalModel>/editProperty}">
				<core:Item key="{oJavaGlobalModel>nationalityname}" text="{oJavaGlobalModel>nationalityname}"/>
			</ComboBox>
			<Label text="{i18n>Birth_Place}" labelFor="input-b"/>
			<Input id="birthPlace" value="{oDataModel>/identifications/birthPlace}" editable="{oEditGlobalModel>/editProperty}" maxLength="100"/>
			<Label text="{i18n>Employer}" labelFor="input-c"/>
			<Input id="employer" value="{oDataModel>/identifications/employer}" editable="{oEditGlobalModel>/editProperty}" maxLength="100"/>
			<Label text="{i18n>Citizenship}" labelFor="input-c" required="true"/>
			<ComboBox width="100%" items="{oJavaGlobalModel>/countries}" selectedKey="{oDataModel>/identifications/country}" selectionChange="onPress" change="onChange" id="citizenId" valueState="None" editable="{oEditGlobalModel>/editProperty}">
				<core:Item key="{oJavaGlobalModel>country_name}" text="{oJavaGlobalModel>country_name}"/>
			</ComboBox>
		</l:content>
	</l:VerticalLayout>
	<l:VerticalLayout class="sapUiContentPadding sapUiLargeMarginBegin" width="85%">
		<Label text="{i18n>Personnel_No.}" labelFor="input-a"/>
		<Input id="personnelNo" value="{oDataModel>/identifications/personnelNo}" type="Number" editable="{oEditGlobalModel>/editProperty}" maxLength="100"/>
	</l:VerticalLayout>
</core:FragmentDefinition>