<core:FragmentDefinition xmlns:mvc="sap.ui.core.mvc" xmlns="sap.m" xmlns:core="sap.ui.core" displayBlock="true"
	xmlns:custom="http://schemas.sap.com/sapui5/extension/sap.ui.core.CustomData/1">
	<!--<Page-->
	<!--	id="master"-->
	<!--	title="Master 1"-->
	<!--	backgroundDesign= "List"-->
	<!--	icon="sap-icon://action"-->
	<!--	class="sapUiStdPage">-->
	<!--	<List>-->
	<!--		<StandardListItem title="To Master2" type="Navigation" press=".onPressGoToMaster" />-->
	<!--	</List>-->
	<!--</Page>-->
	<Page id="master2" title="Additional Information" backgroundDesign="List" titleAlignment="Center" class="masterHeader">
		<List itemPress=".onListItemPress" mode="SingleSelectMaster"
		includeItemInSelection="true">
			<items>
				
				<StandardListItem icon="sap-icon://addresses" title="Address" type="Active" custom:to="detail"/>
				<StandardListItem icon="sap-icon://call" title="Communication Details" type="Active" custom:to="detailDetail"/>
				<StandardListItem icon="sap-icon://account" title="Identifications" type="Active" custom:to="detail2"/>
				<StandardListItem icon="sap-icon://simple-payment" title="Payment Transactions" type="Active" custom:to="detail3"/>
			</items>
		</List>
	</Page>
</core:FragmentDefinition>