<core:FragmentDefinition xmlns="sap.ui.table" xmlns:mvc="sap.ui.core.mvc" xmlns:m="sap.m" xmlns:core="sap.ui.core">
	<Table id="myPaymentTable" class="sapUiSizeCozy" rows="{oDataModel>/payment}" visibleRowCount="{= ${oDataModel>/payment}.length}"
		selectionMode="None">
		<columns>
			<Column width="11rem">
				<m:Label text="ID" required="true"/>
				<template>
					<m:Input value="{oDataModel>id}" change="onChange" valueState="{oDataModel>idState}" editable="{oEditGlobalModel>/editProperty}"
						maxLength="100"></m:Input>
				</template>
			</Column>
			<Column width="11rem">
				<m:Label text="City" required="true"/>
				<template>
					<m:Input value="{oDataModel>pCity}" change="onChange" valueState="{oDataModel>pCityState}" editable="{oEditGlobalModel>/editProperty}"
						maxLength="100"/>
				</template>
			</Column>
			<Column width="11rem">
				<m:Label text="Bank Key" required="true"/>
				<template>
					<m:Input value="{oDataModel>bankKey}" change="onChange" valueState="{oDataModel>bankKeyState}" editable="{oEditGlobalModel>/editProperty}"
						maxLength="100"/>
				</template>
			</Column>
			<Column width="11rem">
				<m:Label text="Bank Account" required="true"/>
				<template>
					<m:Input value="{oDataModel>bankAcct}" type="Number" change="onChange" valueState="{oDataModel>bankAcctState}"
						editable="{oEditGlobalModel>/editProperty}" maxLength="100"/>
				</template>
			</Column>
			<Column width="11rem">
				<m:Label text="Control Key"/>
				<template>
					<m:Input value="{oDataModel>controlKey}" editable="{oEditGlobalModel>/editProperty}" maxLength="100"/>
				</template>
			</Column>
			<Column width="11rem">
				<m:Label text="IBAN"/>
				<template>
					<m:Input value="{oDataModel>iban}" editable="{oEditGlobalModel>/editProperty}" maxLength="100"/>
				</template>
			</Column>
			<Column width="11rem">
				<m:Label text="Reference Document"/>
				<template>
					<!--<m:Input value="{oDataModel>refDoc}" editable="{oEditGlobalModel>/editProperty}"/>-->
					<m:ComboBox width="100%" selectedKey="{oDataModel>refDoc}" items="{ path: 'oJavaGlobalModel>/reference', templateShareable: false }"
						change="onChange" valueState="{oDataModel>refDocState}" editable="{oEditGlobalModel>/editProperty}">
						<core:Item key="{oJavaGlobalModel>reference_name}" text="{oJavaGlobalModel>reference_name}"/>
					</m:ComboBox>
				</template>
			</Column>
			<Column width="11rem">
				<m:Label text="Action"/>
				<template>
					<m:Button text="Delete" type="Reject" press="onDeletePayment" enabled="{oEditGlobalModel>/enableProperty}"/>
				</template>
			</Column>
		</columns>
	</Table>
</core:FragmentDefinition>