<core:FragmentDefinition xmlns="sap.m" xmlns:core="sap.ui.core" xmlns:l="sap.ui.layout" xmlns:f="sap.ui.layout.form">
	<Dialog title="Success" titleAlignment="Center" closeOnNavigation="true" draggable="true" contentWidth="47rem"  resizable="true"
		class="sapUiSizeCompact" verticalScrolling="true" type="Message" state="Success">
		<content>
			<f:SimpleForm id="idSimpleFormEdit" editable="true" layout="ColumnLayout">
				<f:content textAlign="Center">
					<OverflowToolbar >
						
						<Text id="customer" visible="false" class="sapUiSmallMarginTop"
							text="Business Partner with BP Id {oDataModel>/BPnum/bp_id} and Customer Id {oDataModel>/BPnum/role_id} has been successfully updated."/>
						<Text id="vendor" visible="false" class="sapUiSmallMarginTop"
							text="Business Partner with BP Id {oDataModel>/BPnum/bp_id} and Vendor Id {oDataModel>/BPnum/role_id} has been successfully updated."/>
					</OverflowToolbar>
				</f:content>
			</f:SimpleForm>
		</content>
		<beginButton>
			<Button text="Okay" press="onPressOkayUpdate" type="Accept" id="button1"/>
		</beginButton>
	</Dialog>
</core:FragmentDefinition>